[{"model": "admin.logentry", "pk": 1, "fields": {"action_time": "2020-11-08T13:45:02.204Z", "user": 2, "content_type": 7, "object_id": "1", "object_repr": "cretchet", "action_flag": 3, "change_message": ""}}, {"model": "admin.logentry", "pk": 2, "fields": {"action_time": "2020-11-08T13:47:16.463Z", "user": 2, "content_type": 9, "object_id": "1", "object_repr": "Membership object (1)", "action_flag": 1, "change_message": "[{\"added\": {}}]"}}, {"model": "admin.logentry", "pk": 3, "fields": {"action_time": "2020-11-08T13:47:40.160Z", "user": 2, "content_type": 9, "object_id": "2", "object_repr": "Membership object (2)", "action_flag": 1, "change_message": "[{\"added\": {}}]"}}, {"model": "admin.logentry", "pk": 4, "fields": {"action_time": "2020-11-08T13:48:09.199Z", "user": 2, "content_type": 9, "object_id": "3", "object_repr": "Membership object (3)", "action_flag": 1, "change_message": "[{\"added\": {}}]"}}, {"model": "admin.logentry", "pk": 5, "fields": {"action_time": "2020-11-08T13:48:29.068Z", "user": 2, "content_type": 9, "object_id": "4", "object_repr": "Membership object (4)", "action_flag": 1, "change_message": "[{\"added\": {}}]"}}, {"model": "admin.logentry", "pk": 6, "fields": {"action_time": "2020-11-11T20:40:01.383Z", "user": 2, "content_type": 13, "object_id": "1", "object_repr": "CardModels object (1)", "action_flag": 1, "change_message": "[{\"added\": {}}]"}}, {"model": "admin.logentry", "pk": 7, "fields": {"action_time": "2020-11-11T20:40:27.346Z", "user": 2, "content_type": 14, "object_id": "1", "object_repr": "UserDecks object (1)", "action_flag": 1, "change_message": "[{\"added\": {}}]"}}, {"model": "admin.logentry", "pk": 8, "fields": {"action_time": "2020-11-11T20:53:19.599Z", "user": 2, "content_type": 11, "object_id": "2", "object_repr": "IncomingCards object (2)", "action_flag": 1, "change_message": "[{\"added\": {}}]"}}, {"model": "admin.logentry", "pk": 9, "fields": {"action_time": "2020-11-20T15:07:08.474Z", "user": 2, "content_type": 10, "object_id": "2", "object_repr": "Jordannn", "action_flag": 2, "change_message": "[{\"changed\": {\"fields\": [\"User points\"]}}]"}}, {"model": "admin.logentry", "pk": 10, "fields": {"action_time": "2020-11-26T14:55:29.634Z", "user": 2, "content_type": 10, "object_id": "3", "object_repr": "APILogin", "action_flag": 2, "change_message": "[{\"changed\": {\"fields\": [\"User points\"]}}]"}}, {"model": "admin.logentry", "pk": 11, "fields": {"action_time": "2020-11-26T15:14:10.499Z", "user": 2, "content_type": 16, "object_id": "5", "object_repr": "ef05f3b7d36104ea9af5f7d1a5eccf255fec7795", "action_flag": 3, "change_message": ""}}, {"model": "admin.logentry", "pk": 12, "fields": {"action_time": "2020-12-02T13:32:50.614Z", "user": 2, "content_type": 10, "object_id": "4", "object_repr": "APILogin2", "action_flag": 2, "change_message": "[{\"changed\": {\"fields\": [\"User points\"]}}]"}}, {"model": "auth.permission", "pk": 1, "fields": {"name": "Can add log entry", "content_type": 1, "codename": "add_logentry"}}, {"model": "auth.permission", "pk": 2, "fields": {"name": "Can change log entry", "content_type": 1, "codename": "change_logentry"}}, {"model": "auth.permission", "pk": 3, "fields": {"name": "Can delete log entry", "content_type": 1, "codename": "delete_logentry"}}, {"model": "auth.permission", "pk": 4, "fields": {"name": "Can view log entry", "content_type": 1, "codename": "view_logentry"}}, {"model": "auth.permission", "pk": 5, "fields": {"name": "Can add permission", "content_type": 2, "codename": "add_permission"}}, {"model": "auth.permission", "pk": 6, "fields": {"name": "Can change permission", "content_type": 2, "codename": "change_permission"}}, {"model": "auth.permission", "pk": 7, "fields": {"name": "Can delete permission", "content_type": 2, "codename": "delete_permission"}}, {"model": "auth.permission", "pk": 8, "fields": {"name": "Can view permission", "content_type": 2, "codename": "view_permission"}}, {"model": "auth.permission", "pk": 9, "fields": {"name": "Can add group", "content_type": 3, "codename": "add_group"}}, {"model": "auth.permission", "pk": 10, "fields": {"name": "Can change group", "content_type": 3, "codename": "change_group"}}, {"model": "auth.permission", "pk": 11, "fields": {"name": "Can delete group", "content_type": 3, "codename": "delete_group"}}, {"model": "auth.permission", "pk": 12, "fields": {"name": "Can view group", "content_type": 3, "codename": "view_group"}}, {"model": "auth.permission", "pk": 13, "fields": {"name": "Can add content type", "content_type": 4, "codename": "add_contenttype"}}, {"model": "auth.permission", "pk": 14, "fields": {"name": "Can change content type", "content_type": 4, "codename": "change_contenttype"}}, {"model": "auth.permission", "pk": 15, "fields": {"name": "Can delete content type", "content_type": 4, "codename": "delete_contenttype"}}, {"model": "auth.permission", "pk": 16, "fields": {"name": "Can view content type", "content_type": 4, "codename": "view_contenttype"}}, {"model": "auth.permission", "pk": 17, "fields": {"name": "Can add session", "content_type": 5, "codename": "add_session"}}, {"model": "auth.permission", "pk": 18, "fields": {"name": "Can change session", "content_type": 5, "codename": "change_session"}}, {"model": "auth.permission", "pk": 19, "fields": {"name": "Can delete session", "content_type": 5, "codename": "delete_session"}}, {"model": "auth.permission", "pk": 20, "fields": {"name": "Can view session", "content_type": 5, "codename": "view_session"}}, {"model": "auth.permission", "pk": 21, "fields": {"name": "Can add simple", "content_type": 6, "codename": "add_simple"}}, {"model": "auth.permission", "pk": 22, "fields": {"name": "Can change simple", "content_type": 6, "codename": "change_simple"}}, {"model": "auth.permission", "pk": 23, "fields": {"name": "Can delete simple", "content_type": 6, "codename": "delete_simple"}}, {"model": "auth.permission", "pk": 24, "fields": {"name": "Can view simple", "content_type": 6, "codename": "view_simple"}}, {"model": "auth.permission", "pk": 25, "fields": {"name": "Can add user", "content_type": 7, "codename": "add_user"}}, {"model": "auth.permission", "pk": 26, "fields": {"name": "Can change user", "content_type": 7, "codename": "change_user"}}, {"model": "auth.permission", "pk": 27, "fields": {"name": "Can delete user", "content_type": 7, "codename": "delete_user"}}, {"model": "auth.permission", "pk": 28, "fields": {"name": "Can view user", "content_type": 7, "codename": "view_user"}}, {"model": "auth.permission", "pk": 29, "fields": {"name": "Can add subscription", "content_type": 8, "codename": "add_subscription"}}, {"model": "auth.permission", "pk": 30, "fields": {"name": "Can change subscription", "content_type": 8, "codename": "change_subscription"}}, {"model": "auth.permission", "pk": 31, "fields": {"name": "Can delete subscription", "content_type": 8, "codename": "delete_subscription"}}, {"model": "auth.permission", "pk": 32, "fields": {"name": "Can view subscription", "content_type": 8, "codename": "view_subscription"}}, {"model": "auth.permission", "pk": 33, "fields": {"name": "Can add membership", "content_type": 9, "codename": "add_membership"}}, {"model": "auth.permission", "pk": 34, "fields": {"name": "Can change membership", "content_type": 9, "codename": "change_membership"}}, {"model": "auth.permission", "pk": 35, "fields": {"name": "Can delete membership", "content_type": 9, "codename": "delete_membership"}}, {"model": "auth.permission", "pk": 36, "fields": {"name": "Can view membership", "content_type": 9, "codename": "view_membership"}}, {"model": "auth.permission", "pk": 37, "fields": {"name": "Can add user membership", "content_type": 10, "codename": "add_usermembership"}}, {"model": "auth.permission", "pk": 38, "fields": {"name": "Can change user membership", "content_type": 10, "codename": "change_usermembership"}}, {"model": "auth.permission", "pk": 39, "fields": {"name": "Can delete user membership", "content_type": 10, "codename": "delete_usermembership"}}, {"model": "auth.permission", "pk": 40, "fields": {"name": "Can view user membership", "content_type": 10, "codename": "view_usermembership"}}, {"model": "auth.permission", "pk": 41, "fields": {"name": "Can add incoming cards", "content_type": 11, "codename": "add_incomingcards"}}, {"model": "auth.permission", "pk": 42, "fields": {"name": "Can change incoming cards", "content_type": 11, "codename": "change_incomingcards"}}, {"model": "auth.permission", "pk": 43, "fields": {"name": "Can delete incoming cards", "content_type": 11, "codename": "delete_incomingcards"}}, {"model": "auth.permission", "pk": 44, "fields": {"name": "Can view incoming cards", "content_type": 11, "codename": "view_incomingcards"}}, {"model": "auth.permission", "pk": 45, "fields": {"name": "Can add archived cards", "content_type": 12, "codename": "add_archivedcards"}}, {"model": "auth.permission", "pk": 46, "fields": {"name": "Can change archived cards", "content_type": 12, "codename": "change_archivedcards"}}, {"model": "auth.permission", "pk": 47, "fields": {"name": "Can delete archived cards", "content_type": 12, "codename": "delete_archivedcards"}}, {"model": "auth.permission", "pk": 48, "fields": {"name": "Can view archived cards", "content_type": 12, "codename": "view_archivedcards"}}, {"model": "auth.permission", "pk": 49, "fields": {"name": "Can add card models", "content_type": 13, "codename": "add_cardmodels"}}, {"model": "auth.permission", "pk": 50, "fields": {"name": "Can change card models", "content_type": 13, "codename": "change_cardmodels"}}, {"model": "auth.permission", "pk": 51, "fields": {"name": "Can delete card models", "content_type": 13, "codename": "delete_cardmodels"}}, {"model": "auth.permission", "pk": 52, "fields": {"name": "Can view card models", "content_type": 13, "codename": "view_cardmodels"}}, {"model": "auth.permission", "pk": 53, "fields": {"name": "Can add user decks", "content_type": 14, "codename": "add_userdecks"}}, {"model": "auth.permission", "pk": 54, "fields": {"name": "Can change user decks", "content_type": 14, "codename": "change_userdecks"}}, {"model": "auth.permission", "pk": 55, "fields": {"name": "Can delete user decks", "content_type": 14, "codename": "delete_userdecks"}}, {"model": "auth.permission", "pk": 56, "fields": {"name": "Can view user decks", "content_type": 14, "codename": "view_userdecks"}}, {"model": "auth.permission", "pk": 57, "fields": {"name": "Can add Token", "content_type": 15, "codename": "add_token"}}, {"model": "auth.permission", "pk": 58, "fields": {"name": "Can change Token", "content_type": 15, "codename": "change_token"}}, {"model": "auth.permission", "pk": 59, "fields": {"name": "Can delete Token", "content_type": 15, "codename": "delete_token"}}, {"model": "auth.permission", "pk": 60, "fields": {"name": "Can view Token", "content_type": 15, "codename": "view_token"}}, {"model": "auth.permission", "pk": 61, "fields": {"name": "Can add token", "content_type": 16, "codename": "add_tokenproxy"}}, {"model": "auth.permission", "pk": 62, "fields": {"name": "Can change token", "content_type": 16, "codename": "change_tokenproxy"}}, {"model": "auth.permission", "pk": 63, "fields": {"name": "Can delete token", "content_type": 16, "codename": "delete_tokenproxy"}}, {"model": "auth.permission", "pk": 64, "fields": {"name": "Can view token", "content_type": 16, "codename": "view_tokenproxy"}}, {"model": "contenttypes.contenttype", "pk": 1, "fields": {"app_label": "admin", "model": "logentry"}}, {"model": "contenttypes.contenttype", "pk": 2, "fields": {"app_label": "auth", "model": "permission"}}, {"model": "contenttypes.contenttype", "pk": 3, "fields": {"app_label": "auth", "model": "group"}}, {"model": "contenttypes.contenttype", "pk": 4, "fields": {"app_label": "contenttypes", "model": "contenttype"}}, {"model": "contenttypes.contenttype", "pk": 5, "fields": {"app_label": "sessions", "model": "session"}}, {"model": "contenttypes.contenttype", "pk": 6, "fields": {"app_label": "main_entrance", "model": "simple"}}, {"model": "contenttypes.contenttype", "pk": 7, "fields": {"app_label": "main_entrance", "model": "user"}}, {"model": "contenttypes.contenttype", "pk": 8, "fields": {"app_label": "membership", "model": "subscription"}}, {"model": "contenttypes.contenttype", "pk": 9, "fields": {"app_label": "membership", "model": "membership"}}, {"model": "contenttypes.contenttype", "pk": 10, "fields": {"app_label": "membership", "model": "usermembership"}}, {"model": "contenttypes.contenttype", "pk": 11, "fields": {"app_label": "decks", "model": "incomingcards"}}, {"model": "contenttypes.contenttype", "pk": 12, "fields": {"app_label": "decks", "model": "archivedcards"}}, {"model": "contenttypes.contenttype", "pk": 13, "fields": {"app_label": "decks", "model": "cardmodels"}}, {"model": "contenttypes.contenttype", "pk": 14, "fields": {"app_label": "decks", "model": "userdecks"}}, {"model": "contenttypes.contenttype", "pk": 15, "fields": {"app_label": "authtoken", "model": "token"}}, {"model": "contenttypes.contenttype", "pk": 16, "fields": {"app_label": "authtoken", "model": "tokenproxy"}}, {"model": "sessions.session", "pk": "3y1k4xgrhcsd7sbha3gfum3oua62g9tp", "fields": {"session_data": ".eJxVjDsOwjAQBe_iGln-fyjpOYO167VxADlSnFSIu0OkFNC-mXkvlmBbW9pGWdJE7MwcO_1uCPlR-g7oDv028zz3dZmQ7wo_6ODXmcrzcrh_Bw1G-9ZQwHlLlrRwVH1WUugSRA5Z2SqEpEjK6BpdRhmRfC0mKBerRuMQULP3B-9lODQ:1kkOxO:5hR-fn6v9i2EvISjR7x2HYDKWQS3w9-TRPK5rND564Q", "expire_date": "2020-12-16T10:01:54.099Z"}}, {"model": "sessions.session", "pk": "vpo3zl1d1ujm06veisng2i6txqa5tf6u", "fields": {"session_data": ".eJxVjEEOwiAURO_C2hDk1wIu3fcMZOB_pGrapLQr491Nky50O--9eauIba1xa7LEkdVVWXX63RLyU6Yd8APTfdZ5ntZlTHpX9EGbHmaW1-1w_w4qWt3r0jkPSn1Ax16sp7MUl9OFsyd0ziA5FLJCZDJAPYfEAdIXMghM6vMFBW047w:1kegPN:3NMoTr27MpSTADun4eI_bx0f-uH7BAQZy1gY4AY2VoU", "expire_date": "2020-11-30T15:27:09.382Z"}}, {"model": "sessions.session", "pk": "w6qpwiwmgcfdlqb916ymp3g2eirsh4sp", "fields": {"session_data": ".eJxVjEEOwiAURO_C2hDk1wIu3fcMZOB_pGrapLQr491Nky50O--9eauIba1xa7LEkdVVWXX63RLyU6Yd8APTfdZ5ntZlTHpX9EGbHmaW1-1w_w4qWt3r0jkPSn1Ax16sp7MUl9OFsyd0ziA5FLJCZDJAPYfEAdIXMghM6vMFBW047w:1kdBQe:44Ys7EcshSWemqJZDwVL2-EkO2_C8U7vWpv7SyRa1B8", "expire_date": "2020-11-26T12:10:16.409Z"}}, {"model": "main_entrance.user", "pk": 2, "fields": {"password": "pbkdf2_sha256$216000$Plp2t36artqt$k6EZ4glLTSVLIV1N+u+b+7x6AbvZBe4cj+RmlxCLCYE=", "last_login": "2020-12-02T10:04:50.024Z", "is_superuser": true, "username": "cretchet78", "first_name": "", "last_name": "", "email": "Jordan.waters1@gmail.com", "is_staff": true, "is_active": true, "date_joined": "2020-11-08T13:43:26.266Z", "groups": [], "user_permissions": []}}, {"model": "main_entrance.user", "pk": 3, "fields": {"password": "pbkdf2_sha256$216000$XiRdOPeL5aZh$quUbuws9pc09BDnc3MuIrGCoy3PCLojeNeHgIJ/mvKk=", "last_login": "2020-11-25T15:15:20.707Z", "is_superuser": false, "username": "TheTest1", "first_name": "Aname", "last_name": "Alasrtname", "email": "hello@gmail.com", "is_staff": false, "is_active": true, "date_joined": "2020-11-08T16:08:58.813Z", "groups": [], "user_permissions": []}}, {"model": "main_entrance.user", "pk": 4, "fields": {"password": "pbkdf2_sha256$216000$tSAXLlBAxOJq$y+IkbhUS8ElTciTPwiN9Xc9NbNnmXQiE6iW9OBmyGwI=", "last_login": "2020-11-23T11:21:21.156Z", "is_superuser": false, "username": "Jordannn", "first_name": "Waterss", "last_name": "Jordan", "email": "Jordan.Waters1@gmail.com", "is_staff": false, "is_active": true, "date_joined": "2020-11-18T15:40:59.532Z", "groups": [], "user_permissions": []}}, {"model": "main_entrance.user", "pk": 5, "fields": {"password": "pbkdf2_sha256$216000$2JJRPzHbW4dT$IxngP/D52U3qQKAA7P8g41SVO4dHGOgF7g29FkkvvHI=", "last_login": "2020-11-29T13:07:06.837Z", "is_superuser": false, "username": "APILogin", "first_name": "Jordan", "last_name": "Waters", "email": "Jordan@gmail.com", "is_staff": false, "is_active": true, "date_joined": "2020-11-25T17:14:56.443Z", "groups": [], "user_permissions": []}}, {"model": "main_entrance.user", "pk": 6, "fields": {"password": "pbkdf2_sha256$216000$IDteFQJSVFHY$FsxG2UrjPC0GOtu8DVzDSbxgVWYd8rcVbehp/Tz7T9k=", "last_login": "2020-12-02T10:01:53.828Z", "is_superuser": false, "username": "APILogin2", "first_name": "API", "last_name": "LOGIN", "email": "API@gmail.com", "is_staff": false, "is_active": true, "date_joined": "2020-11-29T13:20:18.482Z", "groups": [], "user_permissions": []}}, {"model": "membership.membership", "pk": 1, "fields": {"slug": null, "membership_type": "PAYG", "price": "0.00", "points_awarded": 0}}, {"model": "membership.membership", "pk": 2, "fields": {"slug": null, "membership_type": "T1", "price": "3.00", "points_awarded": 1000}}, {"model": "membership.membership", "pk": 3, "fields": {"slug": null, "membership_type": "T2", "price": "6.00", "points_awarded": 2200}}, {"model": "membership.membership", "pk": 4, "fields": {"slug": null, "membership_type": "T3", "price": "9.00", "points_awarded": 3500}}, {"model": "membership.usermembership", "pk": 1, "fields": {"user": 3, "membership": 1, "user_points": 0}}, {"model": "membership.usermembership", "pk": 2, "fields": {"user": 4, "membership": 1, "user_points": 809}}, {"model": "membership.usermembership", "pk": 3, "fields": {"user": 5, "membership": 1, "user_points": 862}}, {"model": "membership.usermembership", "pk": 4, "fields": {"user": 6, "membership": 1, "user_points": 9722}}, {"model": "membership.subscription", "pk": 1, "fields": {"user_membership": 1, "active": true}}, {"model": "membership.subscription", "pk": 2, "fields": {"user_membership": 2, "active": true}}, {"model": "membership.subscription", "pk": 3, "fields": {"user_membership": 3, "active": true}}, {"model": "membership.subscription", "pk": 4, "fields": {"user_membership": 4, "active": true}}, {"model": "decks.cardmodels", "pk": 1, "fields": {"model_name": "Standard", "anki_model_code": "{'code': 1041609445, 'card_type': 'Basic (and reversed card)', 'css': '\\n        .card {\\n        font-family: arial;\\n        font-size: 20px;\\n        text-align: center;\\n        color: black;\\n        background-color: white;\\n        }\\n        .media {\\n        margin: 2px;\\n        }\\n    ', 'fields': [{'name': 'Question'}, {'name': 'Answer'}, {'name': 'MyMedia'}, {'name': 'MyAudio'}], 'templates': [{'name': 'Card 1', 'qfmt': '{{Question}}<br>{{MyMedia}}', 'afmt': '{{FrontSide}}<hr id=\"answer\">{{Answer}}<br>{{MyAudio}}'}, {'name': 'Card 3', 'qfmt': '{{MyAudio}}', 'afmt': '{{FrontSide}}<hr id=\"answer\">{{Answer}}<br>{{Question}}<br>{{MyMedia}}'}]}"}}, {"model": "decks.userdecks", "pk": 1, "fields": {"user": 3, "deck_id": 1041609443, "native_lang": "en", "learnt_lang": "es", "images_enabled": true, "audio_enabled": true, "model_code": 1}}, {"model": "decks.userdecks", "pk": 3, "fields": {"user": 2, "deck_id": 3100780073, "native_lang": "en", "learnt_lang": "es", "images_enabled": true, "audio_enabled": true, "model_code": 1}}, {"model": "decks.userdecks", "pk": 4, "fields": {"user": 2, "deck_id": 5677525763, "native_lang": "en", "learnt_lang": "es", "images_enabled": true, "audio_enabled": true, "model_code": 1}}, {"model": "decks.userdecks", "pk": 5, "fields": {"user": 4, "deck_id": 8536460622, "native_lang": "en", "learnt_lang": "es", "images_enabled": true, "audio_enabled": true, "model_code": 1}}, {"model": "decks.userdecks", "pk": 6, "fields": {"user": 4, "deck_id": 7159240482, "native_lang": "en", "learnt_lang": "es", "images_enabled": true, "audio_enabled": true, "model_code": 1}}, {"model": "decks.userdecks", "pk": 7, "fields": {"user": 4, "deck_id": 6799298251, "native_lang": "en", "learnt_lang": "es", "images_enabled": true, "audio_enabled": true, "model_code": 1}}, {"model": "decks.userdecks", "pk": 8, "fields": {"user": 4, "deck_id": 9540231224, "native_lang": "en", "learnt_lang": "es", "images_enabled": true, "audio_enabled": true, "model_code": 1}}, {"model": "decks.userdecks", "pk": 9, "fields": {"user": 4, "deck_id": 3365686462, "native_lang": "en", "learnt_lang": "es", "images_enabled": true, "audio_enabled": true, "model_code": 1}}, {"model": "decks.userdecks", "pk": 10, "fields": {"user": 4, "deck_id": 2734263189, "native_lang": "en", "learnt_lang": "es", "images_enabled": true, "audio_enabled": true, "model_code": 1}}, {"model": "decks.userdecks", "pk": 11, "fields": {"user": 4, "deck_id": 1321349522, "native_lang": "en", "learnt_lang": "es", "images_enabled": false, "audio_enabled": false, "model_code": 1}}, {"model": "decks.userdecks", "pk": 12, "fields": {"user": 3, "deck_id": 3155743119, "native_lang": "en", "learnt_lang": "es", "images_enabled": true, "audio_enabled": true, "model_code": 1}}, {"model": "decks.userdecks", "pk": 13, "fields": {"user": 5, "deck_id": 5812616946, "native_lang": "en", "learnt_lang": "es", "images_enabled": true, "audio_enabled": true, "model_code": 1}}, {"model": "decks.userdecks", "pk": 14, "fields": {"user": 5, "deck_id": 2593301686, "native_lang": "en", "learnt_lang": "es", "images_enabled": true, "audio_enabled": true, "model_code": 1}}, {"model": "decks.userdecks", "pk": 15, "fields": {"user": 6, "deck_id": 8752688561, "native_lang": "en", "learnt_lang": "es", "images_enabled": true, "audio_enabled": true, "model_code": 1}}, {"model": "decks.incomingcards", "pk": 2, "fields": {"user": 3, "deck": 1, "cost": 7, "ready_for_archive": false, "submitted_to_archive": false, "incoming_quote": "This is the first input quote", "quote_received_date": "2020-11-11T20:53:01Z", "deck_made": false, "archived_card": null}}, {"model": "decks.incomingcards", "pk": 4, "fields": {"user": 4, "deck": 8, "cost": 5, "ready_for_archive": false, "submitted_to_archive": false, "incoming_quote": "Lets send a quote from the website", "quote_received_date": "2020-11-20T15:03:52.674Z", "deck_made": false, "archived_card": null}}, {"model": "decks.incomingcards", "pk": 5, "fields": {"user": 4, "deck": 8, "cost": 5, "ready_for_archive": false, "submitted_to_archive": false, "incoming_quote": "Lets send a quote from the website", "quote_received_date": "2020-11-20T15:04:25.910Z", "deck_made": false, "archived_card": null}}, {"model": "decks.incomingcards", "pk": 6, "fields": {"user": 4, "deck": 1, "cost": 5, "ready_for_archive": false, "submitted_to_archive": false, "incoming_quote": "This is 7 numaber of charectes over thirteen", "quote_received_date": "2020-11-23T13:36:19.098Z", "deck_made": false, "archived_card": null}}, {"model": "decks.incomingcards", "pk": 7, "fields": {"user": 4, "deck": 6, "cost": 5, "ready_for_archive": false, "submitted_to_archive": false, "incoming_quote": "Once again this is a longer quote", "quote_received_date": "2020-11-23T13:37:43.057Z", "deck_made": false, "archived_card": null}}, {"model": "decks.incomingcards", "pk": 8, "fields": {"user": 4, "deck": 5, "cost": 5, "ready_for_archive": false, "submitted_to_archive": false, "incoming_quote": "Lets add another card", "quote_received_date": "2020-11-23T13:38:30.201Z", "deck_made": false, "archived_card": null}}, {"model": "decks.incomingcards", "pk": 9, "fields": {"user": 4, "deck": 3, "cost": 5, "ready_for_archive": false, "submitted_to_archive": false, "incoming_quote": "Will it function now, relatively high bumber of chars here", "quote_received_date": "2020-11-23T13:48:07.957Z", "deck_made": false, "archived_card": null}}, {"model": "decks.incomingcards", "pk": 10, "fields": {"user": 4, "deck": 1, "cost": 5, "ready_for_archive": false, "submitted_to_archive": false, "incoming_quote": "Lets send a quote from the website", "quote_received_date": "2020-11-23T13:48:52.503Z", "deck_made": false, "archived_card": null}}, {"model": "decks.incomingcards", "pk": 11, "fields": {"user": 4, "deck": 1, "cost": 5, "ready_for_archive": false, "submitted_to_archive": false, "incoming_quote": "Lets send a quote from the website", "quote_received_date": "2020-11-23T13:49:22.456Z", "deck_made": false, "archived_card": null}}, {"model": "decks.incomingcards", "pk": 12, "fields": {"user": 4, "deck": 6, "cost": 5, "ready_for_archive": false, "submitted_to_archive": false, "incoming_quote": "Lets send a quote from the website", "quote_received_date": "2020-11-23T13:51:03.400Z", "deck_made": false, "archived_card": null}}, {"model": "decks.incomingcards", "pk": 13, "fields": {"user": 4, "deck": 4, "cost": 5, "ready_for_archive": false, "submitted_to_archive": false, "incoming_quote": "This is the first input quote", "quote_received_date": "2020-11-23T13:51:47.761Z", "deck_made": false, "archived_card": null}}, {"model": "decks.incomingcards", "pk": 14, "fields": {"user": 4, "deck": 1, "cost": 5, "ready_for_archive": false, "submitted_to_archive": false, "incoming_quote": "Yeah boyyyyy", "quote_received_date": "2020-11-23T14:08:29.226Z", "deck_made": false, "archived_card": null}}, {"model": "decks.incomingcards", "pk": 15, "fields": {"user": 4, "deck": 10, "cost": 120, "ready_for_archive": true, "submitted_to_archive": false, "incoming_quote": "tttttttttt", "quote_received_date": "2020-11-23T14:31:32.175Z", "deck_made": false, "archived_card": null}}, {"model": "decks.incomingcards", "pk": 16, "fields": {"user": 4, "deck": 10, "cost": 120, "ready_for_archive": true, "submitted_to_archive": false, "incoming_quote": "tttttttttt", "quote_received_date": "2020-11-23T14:34:33.957Z", "deck_made": false, "archived_card": null}}, {"model": "decks.incomingcards", "pk": 17, "fields": {"user": 4, "deck": 10, "cost": 120, "ready_for_archive": true, "submitted_to_archive": false, "incoming_quote": "tttttttttt", "quote_received_date": "2020-11-23T14:35:47.902Z", "deck_made": false, "archived_card": null}}, {"model": "decks.incomingcards", "pk": 18, "fields": {"user": 4, "deck": 11, "cost": 10, "ready_for_archive": true, "submitted_to_archive": false, "incoming_quote": "tttttttttt", "quote_received_date": "2020-11-23T14:36:04.067Z", "deck_made": false, "archived_card": null}}, {"model": "decks.incomingcards", "pk": 19, "fields": {"user": 5, "deck": 13, "cost": 138, "ready_for_archive": true, "submitted_to_archive": false, "incoming_quote": "First account Quote", "quote_received_date": "2020-11-26T14:57:43.884Z", "deck_made": false, "archived_card": null}}, {"model": "decks.incomingcards", "pk": 20, "fields": {"user": 6, "deck": 14, "cost": 138, "ready_for_archive": true, "submitted_to_archive": false, "incoming_quote": "Quote sent from api", "quote_received_date": "2020-12-02T13:33:03.798Z", "deck_made": false, "archived_card": null}}, {"model": "decks.incomingcards", "pk": 21, "fields": {"user": 6, "deck": 14, "cost": 140, "ready_for_archive": true, "submitted_to_archive": false, "incoming_quote": "Quote sent from api2", "quote_received_date": "2020-12-02T13:34:48.119Z", "deck_made": false, "archived_card": null}}]